Date,Week,Supplier,Description,Material Type,Material Length (mm),Material Width (mm),Material Thickness (mm),Quantity,Cost Inc VAT & Delivery,Cost Ex VAT,Unit Cost,Checked In,Payment Method,JT has invoice,STREAM,JOB REF/NOTES,,Supplier,,,,,,
01/03/2025,9,Northumberland Estates,Rent,Overhead,,,,,,"£1,415.00",,TRUE,,TRUE,,,,Aluminium Warehouse,,,,,,
01/03/2025,9,NBNE,Salaries,Overhead,,,,,,"£6,300.00",,TRUE,,TRUE,,,,Amazon,,,,,,
01/03/2025,9,NBNE,DIRTRANS,Overhead,,,,,,"£3,000.00",,TRUE,,TRUE,,,,TROTEC,,,,,,
01/03/2025,9,Unicorn Accountancy,Accounting Fee,Overhead,,,,,,£708.00,,TRUE,,TRUE,,,,Avensure,,,,,,
01/03/2025,9,Avensure,HR Consultancy,Overhead,,,,,,£130.00,,TRUE,,TRUE,,,,Dove,,,,,,
01/03/2025,9,SJP,Pension,Overhead,,,,,,£518.16,,TRUE,,TRUE,,,,Avensure,,,,,,
01/03/2025,9,Utilities,"Gas, Electricity, Water (water 54.00)",Overhead,,,,,,£540.00,,TRUE,,TRUE,,,,Dove,,,,,,
01/03/2025,9,Directors insurance,Insurance,Overhead,,,,,,£23.00,,TRUE,,TRUE,,,,Dye Sublimation,,,,,,
01/03/2025,9,HMRC,PAYE,Overhead,,,,,,"£1,241.00",,TRUE,,TRUE,,,,eBay,,,,,,
01/03/2025,9,NEST,Employee Pension,Overhead,,,,,,£400.00,,TRUE,,TRUE,,,,Employers Pension,,,,,,
01/03/2025,9,Zen Internet,Broadband,Overhead,,,,,,£30.00,,TRUE,,TRUE,,,,Envelopes,,,,,,
01/03/2025,9,NCC,Rates and rubbish (rates 125.00),Overhead,,,,,,£380.00,,TRUE,,TRUE,,,,First Fix Plastics,,,,,,
01/03/2025,9,Premium Credit,NBNE Insurance,Overhead,,,,,,£750.00,,TRUE,,TRUE,,,,Gas,,,,,,
01/03/2025,9,Zen Stores,D2C tool,Overhead,,,,,,£149.00,,TRUE,,TRUE,,,,Grafityp,,,,,,
01/03/2025,9,Subscription,MechEng TF,Overhead,,,,,,£36.19,,TRUE,,TRUE,,,,Granthams GT Ltd,,,,,,
01/03/2025,9,IONOS,Email and web hosting,Overhead,,,,,,£0.00,,TRUE,,TRUE,,,,Kite Packaging,,,,,,
01/03/2025,9,EzViz,"Security Camera Data, Monthly fee",Overhead,,,,,,£4.99,,TRUE,,TRUE,,,,LaserPly,,,,,,
01/03/2025,9,Canva,Design software,Overhead,,,,,,£10.00,,TRUE,,TRUE,,,,Longforte,,,,,,
01/03/2025,9,Microsoft,Software,Overhead,,,,,,£7.99,,TRUE,,TRUE,,,,Metal Supermarkets,,,,,,
01/03/2025,9,Royal Mail,D2C shipping estimate for month,Shipping,,,,,,"£2,800.00",,TRUE,,TRUE,,,,Longforte,,,,,,
01/03/2025,9,DHL,F2C shipping estimate for month,Shipping,,,,,,£800.00,,TRUE,,TRUE,,,,Screwfix,,,,,,
03/03/2025,,First Fix Plastics,Black dibond - 8x4,Dibond,,,,1 SHEET,,£48.00,,TRUE,Account,TRUE,,,,UPS,,,,,,
03/03/2025,,First Fix Plastics,Black 5mm acrylic cut into thirds,Acrylic,,,,1 SHEET,,£235.00,,TRUE,Account,TRUE,,,,Colourbyte,,,,,,
03/03/2025,,First Fix Plastics,Silver dibond cut into 4 - 610x1220,Dibond,,,,1 SHEET,,£53.00,,TRUE,Account,TRUE,,,,dhl,,,,,,
04/03/2025,,UPS,UK Shipment,Shipping,,,,,,£2.40,,TRUE,Lloyds,FALSE,,,,Hanover Dairy,,,,,,
04/03/2025,,Novachrome,Silver sub 0.48,sublimate material,,,,50,,£166.20,,TRUE,Lloyds,FALSE,,,,Novachrome,,,,,,
04/03/2025,,Novachrome,Gold sub 0.48,sublimate material,,,,25,£266.92,£83.10,,TRUE,Lloyds,FALSE,,LINK,,Megacold,,,,,,
05/03/2025,,First Fix Plastics,Yellow Ink Mimaki - 1 litre,Ink,,,,,,£75.00,,FALSE,Account,FALSE,,,,Rennie Tools,,,,,,
06/03/2025,,UPS,UK Shipment,Shipping,,,,,,£2.40,,TRUE,Lloyds,FALSE,,,,Palletways,,,,,,
06/03/2025,,dhl,usa shipment,Shipping,,,,,,£149.95,,TRUE,Lloyds,FALSE,,,,ABC Cleaning Services,,,,,,
06/03/2025,,Amazon,A6 mailers,Packing & Admin,,,,,£26.99,£22.49,,TRUE,Lloyds,FALSE,,,,TURNBULLS,,,,,,
07/03/2025,,Screwfix,Spray Adhesive,Glue,,,,,,£10.18,,TRUE,Lloyds,FALSE,,LINK,,XL Displays,,,,,,
07/03/2025,,Dongguan Thunderlaser,Laser power supply and shipping for the Beast,General,,,,,,£202.00,,FALSE,,FALSE,,,,VEVOR,,,,,,
07/03/2025,,Grafityp,Yellow Mutoh Ink,Ink,,,,,£68.71,£94.39,,TRUE,Lloyds,TRUE,,link,,INKNTONER,,,,,,
10/03/2025,,Envelopes,Replacement bags for Raoul - 160x 160 x 1000 bags to cover,Packing & Admin,,,,,£17.02,£14.18,,TRUE,,FALSE,,,,B&M BARGAINS,,,,,,
10/03/2025,,Display Wizard,Cable Display Kit A1 / 3 Panel / Landscape,Fixings,,,,,£176.39,£146.99,,FALSE,Lloyds,FALSE,LOCAL,LINK,,ARGOS,,,,,,
10/03/2025,,First Fix Plastics,Lime Green 5mm Acrylic,Acrylic,,,,,£35.69,£29.74,,TRUE,Account,TRUE,LOCAL,LINK,,Dongguan Thunderlaser,,,,,,
10/03/2025,,TRADESIGNZ,4200mm Trough Light,General,,,,,£460.80,£384.00,,FALSE,Lloyds,FALSE,LOCAL,LINK,,Display Wizard,,,,,,
10/03/2025,,First Fix Plastics,1m x 1m x 10mm WHITE ACRYLIC,Acrylic,,,,,£102.85,£85.71,,FALSE,Account,FALSE,LOCAL,,,TRADESIGNZ,,,,,,
10/03/2025,,UK POS,Black Single Prong Grid Mesh Hook,Fixings,,,,,£20.64,£17.20,,FALSE,Lloyds,FALSE,LOCAL,LINK,,UK POS,,,,,,
11/03/2025,,Rennie Tools,"CNC bits - 2.5MM, 1.5MM, Engracing pieces",CNC Bits,,,,,£60.50,£50.42,,TRUE,Lloyds,FALSE,,LINK,,Curry and Sons,,,,,,
11/03/2025,,First Fix Plastics,Mimaki clear ink - old style long delay,Ink,,,,,,£135.00,,TRUE,Account,FALSE,,,,VISTAPRINT,,,,,,
11/03/2025,,Novachrome,silver sub 0.48 x 50 sheets,sublimate material,,,,,,£166.20,,TRUE,Lloyds,FALSE,,,,Sign Pro,,,,,,
11/03/2025,,Novachrome,white sub 0.48 x 25,sublimate material,,,,,£266.32,£82.50,,TRUE,Lloyds,FALSE,,link,,ALIEXPRESS,,,,,,
11/03/2025,,Curry and Sons,47KG Gas bottle,Gas Bottles,,,,,,£85.00,,TRUE,Lloyds,TRUE,,,,UK Printed Lanyards,,,,,,
11/03/2025,,Curry and Sons,13Kg gas bottle,Gas Bottles,,,,,,£45.00,Not sure of short bottle price,TRUE,Lloyds,TRUE,,,,,,,,,,
11/03/2025,,dhl,Canada shipment,Shipping,,,,,,£45.36,,TRUE,Lloyds,FALSE,,,,,,,,,,
12/03/2025,,Screwfix,Drill bits,Mechanics,,,,,£5.29,£4.41,,FALSE,Lloyds,FALSE,,,,,,,,,,
12/03/2025,,UPS,UK Shipment,Shipping,,,,,,£2.40,,FALSE,Lloyds,FALSE,,,,,,,,,,
12/03/2025,,Amazon,50mm STANDOFFS,Fixings,,,,,£7.49,£6.24,,FALSE,TF Expense,FALSE,LOCAL,LINK,,,,,,,,
12/03/2025,,VISTAPRINT,1000 Flyers,General,,,,,£67.49,£56.24,,FALSE,Lloyds,FALSE,LOCAL,LINK,,,,,,,,
12/03/2025,,First Fix Plastics,2 black 5mm acrylic sheets cut into thirds,Acrylic,,,,2,,£470.00,,TRUE,Account,TRUE,,,,,,,,,,
12/03/2025,,First Fix Plastics,3 8x4 white dibond sheets,Dibond,,,,3,,£75.00,,TRUE,Account,TRUE,,,,,,,,,,
12/03/2025,,First Fix Plastics,3 8x2 white dibond sheets - FOR CLAYPORT JEWELLERS,Dibond,,,,3,,£75.00,,TRUE,Account,TRUE,LOCAL,,,,,,,,,
12/03/2025,,First Fix Plastics,White dibond at 1867 x 1120,Dibond,,,,1,,£25.00,,TRUE,Account,TRUE,LOCAL,,,,,,,,,
12/03/2025,,First Fix Plastics,White dibond at 1867 x 1116,Dibond,,,,1,,£25.00,,TRUE,Account,TRUE,LOCAL,,,,,,,,,
12/03/2025,,First Fix Plastics,White dibond at 556 x 1384,Dibond,,,,1,,£25.00,,TRUE,Account,TRUE,LOCAL,,,,,,,,,
13/03/2025,,Sign Pro,Vinyl Print Beadnell,Vinyl,,,,2,,£88.00,,TRUE,Lloyds,TRUE,LOCAL,,,,,,,,,
13/03/2025,,Sign Pro,Vinyl Print,Vinyl,,,,1,,£21.00,,TRUE,Lloyds,TRUE,LOCAL,,,,,,,,,
13/03/2025,,Sign Pro,Vinyl Print reverse white 3 x 2m,Vinyl,,,,1,,£83.00,,TRUE,Lloyds,TRUE,LOCAL,,,,,,,,,
13/03/2025,,Sign Pro,Shipping,Packing & Admin,,,,1,,£8.00,,TRUE,Lloyds,TRUE,,,,,,,,,,
13/03/2025,,dhl,usa shipment,Shipping,,,,,,£100.66,,TRUE,Lloyds,TRUE,,,,,,,,,,
14/03/2025,,Amazon,Blue roll - amazon,General,,,,,£8.19,£6.82,,FALSE,Lloyds,FALSE,,,,,,,,,,
17/03/2025,,First Fix Plastics,3 x A Frames/Pavement Signs,General,,,,3,,£205.29,£68.43,FALSE,Account,FALSE,LOCAL,,,,,,,,,
17/03/2025,,UPS,UK SHIPMENT,Shipping,,,,,,£2.40,,TRUE,Lloyds,FALSE,,,,,,,,,,
17/03/2025,,Screwfix,"4m, x 25mm black screws for hulk",General,,,,,£9.99,£8.32,,TRUE,Lloyds,FALSE,,LINK,,,,,,,,
17/03/2025,,First Fix Plastics,Orange acrylic,Sheet material,,,,,,£125.85,,TRUE,Lloyds,TRUE,LOCAL,,,,,,,,,
18/03/2025,,Screwfix,Filler,General,,,,,£4.39,£3.66,,TRUE,Lloyds,FALSE,LOCAL,LINK,,,,,,,,
19/03/2025,,ALIEXPRESS,MAINTENANCE BOX EPSON,General,,,,,£11.74,£9.78,,FALSE,TF Expense,FALSE,OVERHEADS,LINK,,,,,,,,
19/03/2025,,Grafityp,Mutoh white ink,Ink,,,,,,£51.78,,TRUE,Lloyds,FALSE,,,,,,,,,,
19/03/2025,,Grafityp,Mutoh black ink,Ink,,,,,,£69.00,,TRUE,Lloyds,FALSE,,,,,,,,,,
19/03/2025,,Grafityp,Mutoh Varnish,Ink,,,,,£245.39,£68.71,,TRUE,Lloyds,FALSE,,link,,,,,,,,
19/03/2025,,UPS,uk craft shipment,Shipping,,,,,,£2.40,,TRUE,Lloyds,FALSE,,,,,,,,,,
19/03/2025,,Novachrome,WHITE SUB 0.48 x 25,sublimate material,,,,25,,£82.50,,TRUE,Lloyds,FALSE,,,,,,,,,,
19/03/2025,,Novachrome,Gold sub 0.48,sublimate material,,,,40,,£132.96,,TRUE,Lloyds,FALSE,,,,,,,,,,
19/03/2025,,Novachrome,SILVER SUB 0.48,sublimate material,,,,80,£510.92,£265.92,,TRUE,Lloyds,FALSE,,LINK,,,,,,,,
19/03/2025,,Kite Packaging,A4 BOARD BACKED ENVELOPES,Packing & Admin,,,,,,£69.70,,TRUE,Account,FALSE,,,,,,,,,,
19/03/2025,,Kite Packaging,CARDBOARD SHEETS,Packing & Admin,,,,,,£81.18,,TRUE,Account,FALSE,,,,,,,,,,
19/03/2025,,Kite Packaging,SIZE 7 JIFFYS,Packing & Admin,,,,,,£39.88,,TRUE,Account,FALSE,,,,,,,,,,
19/03/2025,,Kite Packaging,SIZE 3 JIFFYS,Packing & Admin,,,,,,£18.70,,TRUE,Account,FALSE,,,,,,,,,,
19/03/2025,,Kite Packaging,BROWN TAPE,Packing & Admin,,,,,,£4.50,,TRUE,Account,FALSE,,,,,,,,,,
19/03/2025,,Kite Packaging,LARGE BOXES,Packing & Admin,,,,,£297.93,£34.31,,TRUE,Account,FALSE,,LINK,,,,,,,,
19/03/2025,,Screwfix,SPRAY GLUE,Adhesive,,,,3 CANS,,£15.27,,TRUE,Lloyds,FALSE,,LINK,,,,,,,,
20/03/2025,,First Fix Plastics,2 SHEETS OF BLACK 5MM ACRYLIC CUT INTO THIRDS,,,,,2 SHEETS,,£470.00,,FALSE,Account,TRUE,,,,,,,,,,
20/03/2025,,Screwfix,WIRING ACCESSORIES (VPZ),General,,,,,£10.08,£8.40,,FALSE,Lloyds,FALSE,LOCAL,LINK,,,,,,,,
20/03/2025,,dhl,USA SHIPMENT,Shipping,,,,,,£251.51,,TRUE,Lloyds,TRUE,,,,,,,,,,
21/03/2025,,Granthams GT Ltd,Roland white 220 ml,Ink,,,,220ml,,£38.00,,TRUE,Lloyds,FALSE,,,,,,,,,,
21/03/2025,,Granthams GT Ltd,Roland Magenta 500ml,Ink,,,,500ml,£154.68,£76.95,,TRUE,Lloyds,FALSE,,LINK,,,,,,,,
24/03/2025,,Amazon,Toilet roll,General,,,,,£34.49,£28.74,,TRUE,Lloyds,FALSE,,,,,,,,,,
24/03/2025,,Amazon,A4 Poly Pockets,Packing & Admin,,,,,£6.99,£5.82,,TRUE,Lloyds,FALSE,,,,,,,,,,
24/03/2025,,Amazon,Print cartridge for Jo,Packing & Admin,,,,,£19.89,£16.57,,TRUE,Lloyds,FALSE,,,,,,,,,,
24/03/2025,,First Fix Plastics,White MD3 gloss,,,,,,PRICE TBC,£120.00,PRICE TBC,TRUE,Lloyds,FALSE,LOCAL,LINK,,,,,,,,
24/03/2025,,First Fix Plastics,Ultra Jet DLE-JX Yellow mimaki ink,General,,,,,,£130.00,PRICE TBC,TRUE,Lloyds,FALSE,,,,,,,,,,
24/03/2025,,Colourbyte,Epson cyan ink,Ink,,,,,,£20.95,,TRUE,Lloyds,FALSE,,,,,,,,,,
24/03/2025,,Colourbyte,Epson Magenta Ink,Ink,,,,,,£20.95,,TRUE,Lloyds,FALSE,,,,,,,,,,
24/03/2025,,Colourbyte,Epson Yello Ink,Ink,,,,,,£20.95,,TRUE,Lloyds,FALSE,,,,,,,,,,
24/03/2025,,Colourbyte,Epson black ink,Ink,,,,,,£20.95,,TRUE,Lloyds,FALSE,,,,,,,,,,
24/03/2025,,Colourbyte,S-Race vivid epson paper,Vinyl,,,,,£214.60,£85.08,,TRUE,Lloyds,FALSE,,LINK,,,,,,,,
24/03/2025,,First Fix Plastics,White dibond t 8x4,Dibond,,,,4 sheets,,£100.00,,TRUE,Account,FALSE,,,,,,,,,,
25/03/2025,,UK Printed Lanyards,Printed lanyards,General,,,,,£150.01,£125.01,,FALSE,,FALSE,LOCAL,,,,,,,,,
25/03/2025,,UPS,UK SHIPMENT,Shipping,,,,,,£2.40,,TRUE,Lloyds,FALSE,,,,,,,,,,
26/03/2025,,UPS,UK SHIPMENT,Shipping,,,,,,£2.40,,TRUE,Lloyds,FALSE,,,,,,,,,,
26/03/2025,,First Fix Plastics,Overlaminate,Overlaminate,,,,,,£83.69,,TRUE,Account,FALSE,,,,,,,,,,
26/03/2025,,VISTAPRINT,CLAYPORT FLYERS AND BCARDS,General,,,,,£63.05,£52.53,,FALSE,Lloyds,FALSE,LOCAL,LINK,,,,,,,,
27/03/2025,,Amazon,A6 Mailers x 2000,Packing & Admin,,,,,£53.98,£44.98,,FALSE,Lloyds,FALSE,,,,,,,,,,
27/03/2025,,Kite Packaging,A4 BOARD BACKED ENVELOPES,Packing & Admin,,,,,£73.01,£60.84,,TRUE,Account,FALSE,,link,,,,,,,,
28/03/2025,,Grafityp,Mutoh ink Cyan large version,Ink,,,,,£167.09,£139.24,,FALSE,Lloyds,FALSE,,link,,,,,,,,
31/03/2025,,Screwfix,Brackets,Fixings,,,,,£1.49,£1.24,,FALSE,Lloyds,FALSE,,LINK,,,,,,,,
30/03/2025,,Screwfix,AA Batteries,General,,,,,£10.99,£9.16,,FALSE,Lloyds,FALSE,,LINK,,,,,,,,
31/03/2025,,Amazon,Twine,Fixings,,,,2,£15.98,£13.32,£6.66,FALSE,,FALSE,,,,,,,,,,
01/03/2025,9,Northumberland Estates,Rent,Overhead,,,,,,"£1,415.00",,TRUE,,TRUE,,,,Aluminium Warehouse,,,,Acrylic,Account,D2C METAL PLAQUES
01/03/2025,9,NBNE,Salaries,Overhead,,,,,,"£6,300.00",,TRUE,,TRUE,,,,Amazon,,,,Adhesive,Lloyds,D2C PERSONALISED MEMORIALS
01/03/2025,9,NBNE,DIRTRANS,Overhead,,,,,,"£3,000.00",,TRUE,,TRUE,,,,TROTEC,,,,,,LOCAL
01/03/2025,9,Unicorn Accountancy,Accounting Fee,Overhead,,,,,,£708.00,,TRUE,,TRUE,,,,Avensure,,,,Aluminium Sheet,TF Expense,OVERHEADS
01/03/2025,9,Avensure,HR Consultancy,Overhead,,,,,,£130.00,,TRUE,,TRUE,,,,Dove,,,,Dibond,AMEX,
01/03/2025,9,SJP,Pension,Overhead,,,,,,£518.16,,TRUE,,TRUE,,,,Avensure,,,,Aluminium Sheet,TF Expense,
01/03/2025,9,Utilities,"Gas, Electricity, Water (water 54.00)",Overhead,,,,,,£540.00,,TRUE,,TRUE,,,,Dove,,,,Dibond,AMEX,
01/03/2025,9,Directors insurance,Insurance,Overhead,,,,,,£23.00,,TRUE,,TRUE,,,,Dye Sublimation,,,,Fixings,,
01/03/2025,9,HMRC,PAYE,Overhead,,,,,,"£1,241.00",,TRUE,,TRUE,,,,eBay,,,,General,,
01/03/2025,9,NEST,Employee Pension,Overhead,,,,,,£400.00,,TRUE,,TRUE,,,,Employers Pension,,,,Glue,,
01/03/2025,9,Zen Internet,Broadband,Overhead,,,,,,£30.00,,TRUE,,TRUE,,,,Envelopes,,,,HIPS,,
01/03/2025,9,NCC,Rates and rubbish (rates 125.00),Overhead,,,,,,£380.00,,TRUE,,TRUE,,,,First Fix Plastics,,,,Ink,,
01/03/2025,9,Premium Credit,NBNE Insurance,Overhead,,,,,,£750.00,,TRUE,,TRUE,,,,Gas,,,,Mechanics,,
01/03/2025,9,Zen Stores,D2C tool,Overhead,,,,,,£179.00,,TRUE,,TRUE,,,,Grafityp,,,,Overhead,,
01/03/2025,9,Subscription,MechEng TF,Overhead,,,,,,£36.19,,TRUE,,TRUE,,,,Granthams GT Ltd,,,,Overlaminate,,
01/03/2025,9,IONOS,Email and web hosting,Overhead,,,,,,£0.00,,TRUE,,TRUE,,,,Kite Packaging,,,,Packing & Admin,,
01/03/2025,9,EzViz,"Security Camera Data, Monthly fee",Overhead,,,,,,£4.99,,TRUE,,TRUE,,,,LaserPly,,,,Sheet material,,
01/03/2025,9,Canva,Design software,Overhead,,,,,,£10.00,,TRUE,,TRUE,,,,Longforte,,,,PPE,,
01/03/2025,9,Microsoft,Software,Overhead,,,,,,£7.99,,TRUE,,TRUE,,,,Metal Supermarkets,,,,Sheet material,,
01/03/2025,9,Royal Mail,D2C shipping estimate for month,Shipping,,,,,,"£2,800.00",,TRUE,,TRUE,,,,Longforte,,,,Shipping,,
01/03/2025,9,DHL,F2C shipping estimate for month,Shipping,,,,,,£800.00,,TRUE,,FALSE,,,,Screwfix,,,,Vinyl,,
01/04/2025,,Novachrome,Gold sub,Sublimation Material,,,,50,,£166.20,,FALSE,Lloyds,FALSE,,,,Novachrome,,,,Sublimation Material,,
01/04/2025,,Novachrome,Silver Sub,Sublimation Material,,,,75,,£249.30,,FALSE,Lloyds,FALSE,,,,UPS,,,,CNC BITS,,
01/04/2025,,Novachrome,White sub,Sublimation Material,,,,25,£528.22,£82.50,,FALSE,Lloyds,FALSE,,link,,GRAPHTECGB,,,,,,
01/04/2025,,First Fix Plastics,White dibond 8x4,Dibond,,,,4 sheets,,£100.00,,TRUE,Account,FALSE,,,,BPS,,,,,,
01/04/2025,,First Fix Plastics,Black acrylic cut into thirds,Acrylic,,,,3 large sheets,,£470.00,,TRUE,Account,FALSE,,,,DHL,,,,,,
01/04/2025,,First Fix Plastics,Masking tape,General,,,,1 roll,,£100.00,PRICE TBC,TRUE,Account,FALSE,,,,TRADESIGNZ,,,,,,
01/04/2025,,Amazon,200 cleaning swabs,General,,,,,£16.90,£14.08,,FALSE,Lloyds,FALSE,,,,OPTLASERS,,,,,,
01/04/2025,,Screwfix,spray adhesive,Adhesive,,,,4 cans,,£17.00,,TRUE,Lloyds,FALSE,,link,,RENNIE,,,,,,
02/04/2025,,UPS,UK SHIPMENT,Shipping,,,,,,£2.40,,TRUE,Lloyds,FALSE,,,,HSQE,,,,,,
02/04/2025,,GRAPHTECGB,White mutoh ink - 500ml - emailed 020425,Ink,,,,,£101.99,£90.00,,FALSE,,FALSE,,,,WM CURRY AND SONS,,,,,,
01/04/2025,,Screwfix,"Fixings, Sanding Tool",General,,,,,£12.68,£10.57,,FALSE,Lloyds,FALSE,,LINK,,LABELS 4 YOU.CO.UK,,,,,,
02/04/2025,,TROTEC,1000mm x 600mm x 2mm BRASS,Sheet material,,,,,£244.20,£203.50,,FALSE,Account,FALSE,,LINK,,COLOURBYTE,,,,,,
02/04/2025,,BPS,SCAFFOLDING PARTS,Fixings,,,,,£249.49,£207.91,,FALSE,Lloyds,FALSE,,LINK,,COLOURBYTE,,,,,,
03/04/20256,,First Fix Plastics,A Frame Alnwick Gallery,General,,,,,,£68.43,,FALSE,,FALSE,LOCAL,,,COLOURBYTE,,,,,,
03/04/2025,,DHL,USA Shipment,Shipping,,,,,,£234.00,,TRUE,Lloyds,FALSE,,,,COLOURBYTE,,,,,,
04/04/2025,,UPS,UK SHIPMENT,Shipping,,,,,,£2.40,,TRUE,Lloyds,FALSE,,,,,,,,,,
04/04/2025,,First Fix Plastics,Silver Dibond cut into 610x1220 panels,Dibond,,,,4 sheets,,£150.00,PRICE TBC,TRUE,Account,FALSE,,,,,,,,,,
04/04/2025,,First Fix Plastics,Black hips 1.5mm cut into 610 x 1220 sheets,HIPS,,,,2 sheets cut into 4,,£150.00,PRICE TBC,TRUE,Account,FALSE,,,,,,,,,,
04/04/2025,,Kite Packaging,A4 board backed envelops,Packing & Admin,,,,250,,£30.42,,FALSE,Account,FALSE,,,,,,,,,,
04/04/2025,,Kite Packaging,Cardboard sheets,Packing & Admin,,,,90 sheets,£133.92,£81.18,,FALSE,Account,FALSE,,LINK,,,,,,,,
04/04/2025,,GRAPHTECGB,800ml Varnish,Ink,,,,,,£140.00,PRICE TBC,FALSE,Lloyds,FALSE,,,,,,,,,,
04/04/2025,,Amazon,AAA Batteries,General,,,,,,£7.41,,TRUE,Lloyds,FALSE,,,,,,,,,,
07/04/2025,,TRADESIGNZ,WHAT IS THIS?,Fixings,,,,,£8.89,,,FALSE,,FALSE,,,,,,,,,,
07/04/2025,,TRADESIGNZ,LIGHT FIXING,Fixings,,,,,£281.14,£234.28,,FALSE,Lloyds,FALSE,LOCAL,LINK,,,,,,,,
09/04/2025,,UPS,UK SHIPMENT,Shipping,,,,,,£2.40,,TRUE,Lloyds,FALSE,,,,,,,,,,
09/04/2025,,First Fix Plastics,Sign Locators,Fixings,,,,,,£36.00,,FALSE,Account,FALSE,,,,,,,,,,
09/04/2025,,DHL,CANADA SHIPMENT,Shipping,,,,,,£43.34,,TRUE,Lloyds,FALSE,,,,,,,,,,
09/04/2025,,Kite Packaging,size 3 kite mailers,Packing & Admin,,,,400,,£46.74,,TRUE,Account,FALSE,,,,,,,,,,
09/04/2025,,Kite Packaging,A4 board backed envelops,Packing & Admin,,,,2 boxes,£92.59,£30.42,,TRUE,Account,FALSE,,LINK,,,,,,,,
09/04/2025,,First Fix Plastics,ACM,Sheet material,,,,,,£150.00,,FALSE,Account,FALSE,,,,,,,,,,
09/04/2025,,DHL,FRANCE SHIPMENT,Shipping,,,,,,£37.91,,TRUE,Lloyds,FALSE,,,,,,,,,,
10/04/2025,,Novachrome,Copper Sub,Sublimation Material,,,,50,,£114.00,,FALSE,Lloyds,FALSE,,,,,,,,,,
10/04/2025,,Novachrome,Silver Sub,Sublimation Material,,,,125,,£415.50,,FALSE,Lloyds,FALSE,,,,,,,,,,
10/04/2025,,Novachrome,Gold Sub,Sublimation Material,,,,100,,£332.40,,FALSE,Lloyds,,,,,,,,,,,
10/04/2025,,Novachrome,White Sub,Sublimation Material,,,,25,£993.52,£72.00,,FALSE,Lloyds,FALSE,,LINK,,,,,,,,
10/04/2025,,OPTLASERS,LASER FIXINGS FOR AVID,General,,,,,£334.42,£334.42,,FALSE,Lloyds,FALSE,,LINK,,,,,,,,
10/04/2025,,DHL,AUSTRALIA SHIPMENT,Shipping,,,,,,£50.00,,TRUE,Lloyds,FALSE,,,,,,,,,,
10/04/2025,,DHL,GERMANY SHIPMENT,Shipping,,,,,,£36.53,,TRUE,Lloyds,FALSE,,,,,,,,,,
11/04/2025,,UPS,UK SHIPMENT,Shipping,,,,,,£2.40,,TRUE,Lloyds,FALSE,,,,,,,,,,
11/04/2025,,RENNIE,CNC BIT 1mm,CNC BITS,,,,,,£24.95,,FALSE,Lloyds,FALSE,,,,,,,,,,
11/04/2025,,RENNIE,CNC BITS 2.5mm,CNC BITS,,,,,£65.88,£29.95,,FALSE,Lloyds,FALSE,,LINK,,,,,,,,
11/04/2025,,First Fix Plastics,black 5mm acrylic cut into thirds - 3 sheets,Acrylic,,,,3 large sheets,,£459.00,,TRUE,Account,FALSE,,,,,,,,,,
12/04/2025,,Screwfix,BATTERY,General,,,,,£39.99,£47.99,,TRUE,Lloyds,FALSE,,LINK,,,,,,,,
12/04/2025,,Screwfix,WALL PLUGS,Fixings,,,,,£1.65,£1.98,,TRUE,Lloyds,FALSE,,LINK,,,,,,,,
14/04/2025,,UPS,uk shipment,Shipping,,,,,,£2.40,,TRUE,Lloyds,TRUE,,,,,,,,,,
15/04/2025,,Amazon,Blue roll - 6 rolls,General,,,,,£14.36,£11.97,,TRUE,Lloyds,FALSE,,,,,,,,,,
15/04/2025,,Amazon,XL rubber gloves,PPE,,,,,£5.99,£4.99,,FALSE,Lloyds,FALSE,,,,,,,,,,
15/04/2025,,HSQE,Bundle of Accredited Online H&S Courses,General,,,,,£48.00,£40.00,,TRUE,Lloyds,TRUE,,,,,,,,,,
16/04/2025,,UPS,UK SHIPMENT,Shipping,,,,,,£2.40,,TRUE,Lloyds,FALSE,,,,,,,,,,
16/04/2025,,First Fix Plastics,5 sheets of white dibond at 8x4,Dibond,,,,,,£125.00,,FALSE,Account,FALSE,,,,,,,,,,
16/04/2025,,First Fix Plastics,1 sheet of gold dibond cut to 610x1220,Dibond,,,,,,£250.00,EST,FALSE,Account,FALSE,,,,,,,,,,
16/04/2025,,First Fix Plastics,1 sheet of silver dibond cut to 610 x 1220,Dibond,,,,,,£153.00,EST,FALSE,Account,FALSE,,,,,,,,,,
17/04/2025,,Kite Packaging,BOARD BACKED A4,Packing & Admin,,,,,£73.01,£60.84,,FALSE,Account,FALSE,,LINK,,,,,,,,
17/04/2025,,GRAPHTECGB,800ml CYAN MUTOH INK,Ink,,,,,,£140.00,EST,FALSE,Lloyds,FALSE,,,,,,,,,,
17/04/2025,,GRAPHTECGB,500ml White MUTOH INK,Ink,,,,,,£140.00,EST,FALSE,Lloyds,FALSE,,,,,,,,,,
17/04/2025,,UPS,uk shiPMENT,Shipping,,,,,,£2.40,,TRUE,Lloyds,FALSE,,,,,,,,,,
21/04/2025,,WM CURRY AND SONS,GAS bottle - 47lg,General,,,,,,£90.00,,FALSE,Lloyds,FALSE,,,,,,,,,,
21/04/2025,,LABELS 4 YOU.CO.UK,Labels for amazon shipments,Packing & Admin,,,,,,£29.99,,FALSE,Lloyds,FALSE,,LINK,,,,,,,,
22/04/2025,,Screwfix,4 cans of spray adhesive,Adhesive,,,,,,£17.00,,FALSE,Lloyds,FALSE,,LINK,,,,,,,,
22/04/2025,,UPS,uk shipment,Shipping,,,,,,£2.40,,TRUE,Lloyds,FALSE,,,,,,,,,,
22/04/2025,,TROTEC,BRASS,Sheet material,,,,,£244.20,£203.50,,TRUE,Account,FALSE,,LINK,,,,,,,,
23/04/2025,,First Fix Plastics,5 sheets of single sided white dibond,Dibond,,,,,,£125.00,,TRUE,Account,FALSE,,,,,,,,,,
23/04/2025,,Amazon,6x4 Label Printer,General,,,,,£89.99,£74.99,,TRUE,TF Expense,FALSE,,LINK,,,,,,,,
23/04/2025,,DHL,US SHIPMENT,Shipping,,,,,,£243.68,,TRUE,Lloyds,FALSE,,,,,,,,,,
24/04/2025,,Kite Packaging,5 packs of cardboard sheets,Packing & Admin,,,,75 sheets,£81.18,£67.65,,FALSE,Account,FALSE,,LINK,,,,,,,,
24/04/2025,,DHL,FRENCH SHIPMENT,Shipping,,,,,,£36.66,,TRUE,Lloyds,FALSE,,,,,,,,,,
25/04/2025,,UPS,uk shipment,Shipping,,,,,,£2.40,,TRUE,Lloyds,FALSE,,,,,,,,,,
25/04/2025,,Screwfix,PLUG,General,,,,,£1.05,£0.88,,TRUE,Lloyds,FALSE,LOCAL,LINK,,,,,,,,
25/04/2025,,Screwfix,ELECTRICAL COMPONENTS,General,,,,,£22.22,£18.52,,TRUE,Lloyds,FALSE,LOCAL,LINK,,,,,,,,
25/04/2025,,Amazon,Sublimation tape,General,,,,,£7.67,£6.39,,FALSE,Lloyds,FALSE,,,,,,,,,,
25/04/2025,,First Fix Plastics,Black acrylic cut into thirds,Acrylic,,,,,,£253.00,,TRUE,Account,FALSE,,,,,,,,,,
28/04/2025,,Amazon,Mouse mats,,,,,,,£28.93,,TRUE,Lloyds,FALSE,,,,,,,,,,
30/04/2025,,Kite Packaging,BOARD BACKED A4,Packing & Admin,,,,500,£73.01,£60.84,,FALSE,Account,FALSE,,,,,,,,,,
30/04/2025,,COLOURBYTE,EPSON YELLOW INK,Ink,,,,,,£20.95,,FALSE,Lloyds,FALSE,,,,,,,,,,
30/04/2025,,COLOURBYTE,EPSON MAGENTA INK,Ink,,,,,,£20.95,,FALSE,Lloyds,FALSE,,,,,,,,,,
30/04/2025,,COLOURBYTE,EPSON BLACK INK,Ink,,,,,,£20.95,,FALSE,Lloyds,FALSE,,,,,,,,,,
30/04/2025,,COLOURBYTE,EPSON 24INCH PAPER X2 ROLLS,Ink,,,,,,£85.08,,FALSE,Lloyds,FALSE,,LINK,,,,,,,,
30/04/2025,,Novachrome,WHITE SUB,Sublimation Material,,,,,,£72.00,,FALSE,Lloyds,FALSE,,,,,,,,,,
30/04/2025,,Novachrome,SILVER SUB,Sublimation Material,,,,,£315.62,£225.00,,FALSE,Lloyds,FALSE,,LINK,,,,,,,,
01/05/2025,18,Northumberland Estates,Rent,Overhead,,,,,,"£1,415.00",,TRUE,,TRUE,,,,Aluminium Warehouse,,,,Acrylic,Account,D2C METAL PLAQUES
01/05/2025,18,NBNE,Salaries,Overhead,,,,,,"£7,300.00",,TRUE,,TRUE,,,,Amazon,,,,Adhesive,Lloyds,D2C PERSONALISED MEMORIALS
01/05/2025,18,NBNE,DIRTRANS,Overhead,,,,,,"£3,000.00",,TRUE,,TRUE,,,,TROTEC,,,,,TF WISE CARD,LOCAL
01/05/2025,18,Unicorn Accountancy,Accounting Fee,Overhead,,,,,,£708.00,,TRUE,,TRUE,,,,Avensure,,,,Aluminium Sheet,TF Expense,OVERHEADS
01/05/2025,18,Avensure,HR Consultancy,Overhead,,,,,,£130.00,,TRUE,,TRUE,,,,Dove,,,,Dibond,AMEX,
01/05/2025,18,SJP,Pension,Overhead,,,,,,£518.16,,TRUE,,TRUE,,,,Avensure,,,,Aluminium Sheet,TF Expense,
01/05/2025,18,Utilities,"Gas, Electricity, Water (water 54.00)",Overhead,,,,,,£540.00,,TRUE,,TRUE,,,,Dove,,,,Dibond,AMEX,
01/05/2025,18,Directors insurance,Insurance,Overhead,,,,,,£23.00,,TRUE,,TRUE,,,,Dye Sublimation,,,,Fixings,,
01/05/2025,18,HMRC,PAYE,Overhead,,,,,,"£1,241.00",,TRUE,,TRUE,,,,eBay,,,,General,,
01/05/2025,18,NEST,Employee Pension,Overhead,,,,,,£400.00,,TRUE,,TRUE,,,,Employers Pension,,,,Glue,,
01/05/2025,18,Zen Internet,Broadband,Overhead,,,,,,£30.00,,TRUE,,TRUE,,,,Envelopes,,,,HIPS,,
01/05/2025,18,NCC,Rates and rubbish (rates 125.00),Overhead,,,,,,£380.00,,TRUE,,TRUE,,,,First Fix Plastics,,,,Ink,,
01/05/2025,18,Premium Credit,NBNE Insurance,Overhead,,,,,,£750.00,,TRUE,,TRUE,,,,Gas,,,,Mechanics,,
01/05/2025,18,Zen Stores,D2C tool,Overhead,,,,,,£179.00,,TRUE,,TRUE,,,,Grafityp,,,,Overhead,,
01/05/2025,18,Subscription,MechEng TF,Overhead,,,,,,£36.19,,TRUE,,TRUE,,,,Granthams GT Ltd,,,,Overlaminate,,
01/05/2025,18,IONOS,Email and web hosting,Overhead,,,,,,£0.00,,TRUE,,TRUE,,,,Kite Packaging,,,,Packing & Admin,,
01/05/2025,18,EzViz,"Security Camera Data, Monthly fee",Overhead,,,,,,£4.99,,TRUE,,TRUE,,,,LaserPly,,,,Sheet material,,
01/05/2025,18,Canva,Design software,Overhead,,,,,,£10.00,,TRUE,,TRUE,,,,Longforte,,,,PPE,,
01/05/2025,18,Microsoft,Software,Overhead,,,,,,£7.99,,TRUE,,TRUE,,,,Metal Supermarkets,,,,Sheet material,,
01/05/2025,18,Royal Mail,D2C shipping estimate for month,Shipping,,,,,,"£5,000.00",,TRUE,,TRUE,,,,Longforte,,,,Shipping,,
01/05/2025,18,DHL,F2C shipping estimate for month,Shipping,,,,,,£800.00,,TRUE,,TRUE,,,,Screwfix,,,,Vinyl,,
01/05/2025,,Quartile,Monthly fee - advertising,Overhead,,,,,,£350.00,,TRUE,,TRUE,,,,Novachrome,,,,Sublimation Material,,
01/05/2025,,First Fix Plastics,3 SHEETS OF BLACK ACRYLIC,Acrylic,,,,,,£759.00,,FALSE,Account,FALSE,,,,UPS,,,,CNC BITS,,
01/05/2025,,DHL,CANADA SHIPMENT,Shipping,,,,,,£39.32,,TRUE,Lloyds,FALSE,,,,GRAPHTECGB,,,,,,
01/05/2025,,DHL,AUSTRALIA SHIPMENT,Shipping,,,,,,£59.11,,TRUE,Lloyds,FALSE,,,,BPS,,,,,,
01/05/2025,,Amazon,hand towels,General,,,,,£28.79,£23.99,,FALSE,Lloyds,FALSE,,,,DHL,,,,,,
01/05/2025,,Amazon,IPA cleaning alchohol,General,,,,,£15.57,£12.97,,FALSE,Lloyds,FALSE,,,,TRADESIGNZ,,,,,,
01/05/2025,,Amazon,A4 paper,Packing & Admin,,,,,£21.59,£17.99,,FALSE,Lloyds,FALSE,,,,OPTLASERS,,,,,,
01/05/2025,,DHL,usa shipment,Shipping,,,,,,£102.92,,TRUE,Lloyds,FALSE,,,,RENNIE,,,,,,
06/05/2025,,UPS,UK SHIPMENT,Shipping,,,,,,£2.40,,TRUE,Lloyds,FALSE,,,,HSQE,,,,,,
06/05/2025,,TRADESIGNZ,FIXINGS FOR ETHOS,General,,,,,£64.39,£53.66,,FALSE,TF WISE CARD,FALSE,LOCAL,LINK,,WM CURRY AND SONS,,,,,,
06/05/2025,,Amazon,JUBILEE CLIPS FOR ETHOS,General,,,,,£13.28,£11.07,,FALSE,TF Expense,FALSE,LOCAL,LINK,,LABELS 4 YOU.CO.UK,,,,,,
06/05/2025,,First Fix Plastics,BLUE SCM FOR DOVE,Dibond,,,,,£255.60,£213.00,,TRUE,Account,FALSE,LOCAL,,,COLOURBYTE,,,,,,
06/05/2025,,First Fix Plastics,PAVEMENT SWINGER FOR ETHOS,General,,,,,£164.35,£136.96,,TRUE,Account,FALSE,LOCAL,,,COLOURBYTE,,,,,,
06/05/2025,,Amazon,A6 mailers,Packing & Admin,,,,,,£6.00,,TRUE,,FALSE,,,,COLOURBYTE,,,,,,
08/05/2025,,DHL,GERMAN SHIPMENT,Shipping,,,,,,£41.08,,TRUE,Lloyds,FALSE,,,,COLOURBYTE,,,,,,
08/05/2025,,JS Ramsbottom,Brass black,Ink,,,,,,£11.99,,FALSE,Lloyds,FALSE,,,,Quartile,,,,,,
08/05/2025,,JS Ramsbottom,Aluminium black,Ink,,,,,£27.67,£11.99,,FALSE,Lloyds,FALSE,,LINK,,JS Ramsbottom,,,,,,
08/05/2025,,Kite Packaging,A4 BOARD BACKED ENVELOPES,Packing & Admin,,,,,,£45.63,,TRUE,Account,FALSE,,,,,,,,,,
08/05/2025,,Kite Packaging,SIZE 1 KITE MAILERS,Packing & Admin,,,,,,£12.51,,TRUE,Account,FALSE,,,,,,,,,,
08/05/2025,,Kite Packaging,CLEAR TAPE,Packing & Admin,,,,,,£4.50,,TRUE,Account,FALSE,,,,,,,,,,
08/05/2025,,Kite Packaging,BROWN TAPE,Packing & Admin,,,,,£95.58,£4.50,,TRUE,Account,FALSE,,LINK,,,,,,,,
09/05/2025,,UPS,UK SHIPMENT,Shipping,,,,,,£2.40,,TRUE,Lloyds,FALSE,,,,,,,,,,
09/05/2025,,Kite Packaging,SINGLE WALL CARDBOARD,Packing & Admin,,,,,£122.47,£102.06,,TRUE,Account,FALSE,,LINK,,,,,,,,
10/05/2025,,Amazon,Cleaning swabs for machines,General,,,,,£16.90,£14.08,,TRUE,Lloyds,FALSE,,,,,,,,,,
10/05/2025,,Amazon,Soda crystaks,General,,,,,,£8.00,,TRUE,Lloyds,FALSE,,,,,,,,,,
12/05/2025,,First Fix Plastics,2 x 8'x2' ACM panels,General,,,,,,£25.00,,TRUE,Account,FALSE,LOCAL,,,,,,,,,
13/05/2025,,Screwfix,4 CANS OF SPRAY ADHESIVE,Adhesive,,,,,,£17.00,,TRUE,Lloyds,FALSE,,LINK,,,,,,,,
13/05/2025,,Amazon,12 Blue rolls,General,,,,,£13.99,£11.66,,TRUE,Lloyds,FALSE,,,,,,,,,,
13/05/2025,,Metal Supermarkets,Copper Sheet C106 2mm,Sheet material,,,,,£158.82,£132.35,,TRUE,,FALSE,,,,,,,,,,
13/05/2025,,Novachrome,Silver sub x 75 sheets,Sublimation Material,,,,,£266.92,£249.30,,TRUE,Lloyds,FALSE,,would not let me save invoice,,,,,,,,
13/05/2025,,DHL,CANADA SHIPMENT,Shipping,,,,,,£65.35,,TRUE,Lloyds,FALSE,,,,,,,,,,
14/05/2025,,RENNIE,CNC BITS,CNC BITS,,,,,£127.99,£99.67,,TRUE,Lloyds,FALSE,,LINK,,,,,,,,
14/05/2025,,UPS,UK SHIPMENT,Shipping,,,,,,£2.40,,TRUE,Lloyds,FALSE,,,,,,,,,,
14/05/2025,,First Fix Plastics,White MD5 vinyl,Vinyl,,,,,,£130.00,APPROX?,TRUE,Account,,,,,,,,,,,
14/05/0205,,First Fix Plastics,2 sheets of black 5mm acrylic cut into thirds,Acrylic,,,,,,£506.00,,TRUE,Account,FALSE,,,,,,,,,,
14/05/2025,,First Fix Plastics,1 sheet of white double sided dibond,Dibond,,,,,,£45.00,APPROX?,TRUE,Account,FALSE,,,,,,,,,,
15/05/2025,,TROTEC,Brass,Sheet material,,,,,£244.20,£203.50,,TRUE,Account,FALSE,,,,,,,,,,
16/05/2025,,First Fix Plastics,4 sheets of white single sided dibond at 8x4,Dibond,,,,,,£100.00,,TRUE,Account,FALSE,,,,,,,,,,
16/05/2025,,First Fix Plastics,2 sheets of black 5mm acrylic into thirds,Acrylic,,,,,,£506.00,,TRUE,Account,FALSE,,,,,,,,,,
16/05/2025,,First Fix Plastics,1 sheet of clear 5mm acrylic into thirds,Acrylic,,,,,,£110.00,,TRUE,Account,FALSE,,,,,,,,,,
16/05/2025,,DHL,USA Shipment,Shipping,,,,,,£428.01,,TRUE,Lloyds,FALSE,,,,,,,,,,
16/05/2025,,Screwfix,Wall plugs for uk stock,General,,,,"1,000",,£14.99,,TRUE,Lloyds,FALSE,,,,,,,,,,
16/05/2025,,Screwfix,screws for uk stock,General,,,,2 PACKS,,£16.98,,TRUE,Lloyds,FALSE,,,,,,,,,,
16/05/2025,,Screwfix,batteries AA,General,,,,1 PACK,,£8.79,,TRUE,Lloyds,FALSE,,LINK,,,,,,,,
19/05/2025,,First Fix Plastics,3 SHEETS OF WHITE DIBOND 8X3,Dibond,,,,,,£75.00,,TRUE,Account,FALSE,,,,,,,,,,
19/05/2025,,First Fix Plastics,1 SHEET OF WHITE DOUBLE SIDED DIBOND AT 610 X1220,Dibond,,,,,,£45.00,APPROX,TRUE,Account,FALSE,,,,,,,,,,
19/05/2025,,Kite Packaging,A4 BOARD BACKED ENVELOPES,Packing & Admin,,,,,,£97.58,,TRUE,Account,FALSE,,,,,,,,,,
19/05/2025,,Kite Packaging,cardboard sheets,Packing & Admin,,,,,£214.52,£81.18,,TRUE,Account,FALSE,,LINK,,,,,,,,
20/05/2025,,UPS,UK ShiPMENT,Shipping,,,,,,£2.40,,TRUE,Lloyds,FALSE,,,,,,,,,,
21/05/2025,,Novachrome,SILVER SUB x 25 sheets,Sublimation Material,,,,,,£83.10,,TRUE,Lloyds,FALSE,,,,,,,,,,
21/05/2025,,Novachrome,WHITE SUB X 50 SHEETS,Sublimation Material,,,,,£244.72,£144.00,,TRUE,Lloyds,FALSE,,LINK,,,,,,,,
22/05/2025,,First Fix Plastics,One sheet of black 5mm acrylic cut into thirds,Acrylic,,,,,,£253.00,,TRUE,Account,FALSE,,,,,,,,,,
22/05/2025,,First Fix Plastics,One sheet of clear 5mm acrylic 1m x 1m,Acrylic,,,,,,£120.00,sent in error - we can use,FALSE,Account,FALSE,,,,,,,,,,
22/05/2025,,First Fix Plastics,One roll of masking tape,Glue,,,,,,£53.00,,TRUE,Account,FALSE,,,,,,,,,,
22/05/2025,,First Fix Plastics,10m Medium Sign Channel,Fixings,,,,,,£35.00,,FALSE,Account,FALSE,,,,,,,,,,
22/05/2025,,First Fix Plastics,Sign Channel Clips,Fixings,,,,,,£8.16,,FALSE,Account,FALSE,,,,,,,,,,
26/05/2025,,Novachrome,Silver Sub x 75 sheets,Sublimation Material,,,,,£266.92,£249.30,,FALSE,Lloyds,FALSE,,LINK,,,,,,,,
26/05/2025,,Granthams GT Ltd,CYAN INK ROLAND,Ink,,,,,,£76.95,,FALSE,Lloyds,FALSE,,,,,,,,,,
26/05/2025,,Granthams GT Ltd,YELLOW INK ROLAND,Ink,,,,,,£76.95,,FALSE,Lloyds,FALSE,,,,,,,,,,
26/05/2025,,Granthams GT Ltd,RED INK ROLAND,Ink,,,,,£293.76,£76.95,,FALSE,Lloyds,FALSE,,LINK,,,,,,,,
26/05/2025,,Envelopes,RAOUL BAGS - 4000,Packing & Admin,,,,,,£88.08,,FALSE,Lloyds,FALSE,,LINK,,,,,,,,
27/06/2025,,Screwfix,SPRAY ADHESIVE,Glue,,,,,,£17.00,,FALSE,Lloyds,FALSE,,LINK,,,,,,,,
28/05/2025,,Amazon,Bin Bags - 200,General,,,,,£11.40,£9.50,JO TO ORDER,FALSE,Lloyds,FALSE,,,,,,,,,,
28/05/2025,,GRAPHTECGB,Mutoh varnish -- 800ml,Ink,,,,,,£140.00,APPROX???,FALSE,,FALSE,,,,,,,,,,
28/05/2025,,GRAPHTECGB,Mutoh White - 500ml,Ink,,,,,,£140.00,APPROX???,FALSE,,FALSE,,,,,,,,,,
29/05/2025,,DHL,CANADA SHIPMENT,Shipping,,,,,,£87.39,,FALSE,,FALSE,,,,,,,,,,
